pitch,roll,acc_x,acc_y,acc_z,gyro_x,gyro_y,gyro_z,flex_lombaire,flex_thoracique,flex_cervical,pression_ischion_g,pression_ischion_d,pression_cuisse_g,pression_cuisse_d,label
65.0,15.0,0.5,0.5,0.7,0.1,0.1,0.1,1200.0,1100.0,400.0,0.9,0.2,0.4,0.1,2
5.0,0.0,0.01,0.01,1.0,0.0,0.0,0.0,1000.0,1000.0,300.0,0.5,0.5,0.25,0.25,2
48.5,10.2,0.4,0.1,0.7,0.5,0.2,0.1,1800.0,1650.0,950.0,0.7,0.3,0.4,0.1,2
10.0,2.0,0.02,0.01,0.99,0.0,0.0,0.0,1050.0,1080.0,1850.0,0.5,0.5,0.25,0.25,2
5.0,15.0,0.2,0.3,0.9,0.0,0.0,0.0,1000.0,1000.0,350.0,0.9,0.1,0.5,0.05,2
8.0,0.0,0.0,0.0,1.0,0.0,0.0,0.0,900.0,950.0,1900.0,0.5,0.5,0.2,0.2,2
5.0,0.0,0.0,0.0,1.0,0.0,0.0,0.0,1000.0,1000.0,400.0,0.95,0.05,0.4,0.1,2
45.0,0.0,0.5,0.0,0.8,0.0,0.0,0.0,1100.0,1800.0,500.0,0.5,0.5,0.3,0.3,2
2.0,0.0,0.0,0.0,1.0,0.0,0.0,0.0,800.0,800.0,300.0,0.5,0.5,0.25,0.25,2
2.0,0.0,0.0,0.0,1.0,0.0,0.0,0.0,800.0,800.0,300.0,0.5,0.5,0.25,0.25,2
0.0,0.0,0.0,0.0,1.0,0.0,0.0,0.0,0.0,0.0,0.0,0.5,0.5,0.25,0.25,0
2.5,0.5,0.01,0.01,0.99,0.0,0.0,0.0,750.0,780.0,250.0,0.5,0.5,0.25,0.25,0
5.0,1.2,0.02,0.02,0.98,0.0,0.0,0.0,850.0,820.0,400.0,0.52,0.48,0.24,0.26,0
149.26,148.13,10.79,11.28,-18.14,2.27,2.71,2.18,0.0,0.0,0.0,0.114,0.203,0.637,0.0,2
149.26,148.13,10.79,11.28,-18.14,2.27,2.71,2.18,0.0,0.0,0.0,0.114,0.203,0.637,0.0,2
149.26,148.13,10.79,11.28,-18.14,2.27,2.71,2.18,0.0,0.0,0.0,0.114,0.203,0.637,0.0,2
149.26,148.13,10.79,11.28,-18.14,-2.27,2.71,2.18,0.0,0.0,0.0,0.114,0.203,0.637,0.0,2
-145.95,-156.61,-12.26,-7.85,-18.14,-2.27,-2.79,2.18,0.0,0.0,0.0,0.114,0.203,0.637,0.0,2
-145.95,-156.61,-12.26,-7.85,-18.14,-2.27,-2.79,-1.48,0.0,0.0,0.0,0.114,0.203,0.637,0.0,2
-145.95,-156.61,-12.26,-7.85,-18.14,-2.27,-2.79,-1.48,0.0,0.0,0.0,0.114,0.203,0.637,0.0,2
-178.45,-156.61,-0.49,-7.85,-18.14,0.26,-0.09,0.26,0.0,0.0,0.0,0.114,0.203,0.637,0.0,2
-45.0,-63.43,-0.49,-0.98,0.49,0.26,-0.09,0.26,0.0,0.0,0.0,0.114,0.203,0.637,0.0,2
-45.0,-63.43,-0.49,-0.98,0.49,0.26,-0.09,0.26,0.0,0.0,0.0,0.114,0.203,0.637,0.0,2
0.0,0.0,0.0,0.0,9.81,0.0,0.0,0.0,0.0,0.0,0.0,0.0,0.0,0.0,0.0,0
0.0,0.0,0.0,0.0,9.81,0.0,0.0,0.0,0.0,0.0,0.0,0.0,0.0,0.0,0.0,0
0.0,0.0,0.0,0.0,9.81,0.0,0.0,0.0,0.0,0.0,0.0,0.0,0.0,0.0,0.0,0
0.0,0.0,0.0,0.0,9.81,0.0,0.0,0.0,0.0,0.0,0.0,0.0,0.0,0.0,0.0,0
57.17,0.0,15.2,0.0,9.81,0.0,0.0,0.0,0.0,0.0,0.0,0.0,0.0,0.0,0.0,2
39.96,47.23,15.2,19.61,18.14,0.0,0.0,0.0,0.0,0.0,0.0,0.0,0.0,0.0,0.0,2
39.96,47.23,15.2,19.61,18.14,0.0,0.0,0.0,0.0,0.0,0.0,0.0,0.0,0.0,0.0,2
39.96,47.23,15.2,19.61,18.14,0.0,0.0,0.0,0.0,0.0,0.0,0.0,0.0,0.0,0.0,2
39.96,47.23,15.2,19.61,18.14,0.0,0.0,0.0,0.0,0.0,0.0,0.0,0.0,0.0,0.0,2
39.96,47.23,15.2,19.61,18.14,0.0,0.0,0.0,0.0,0.0,0.0,0.0,0.0,0.0,0.0,2
39.96,47.23,15.2,19.61,18.14,0.0,0.0,0.0,0.0,0.0,0.0,0.0,0.0,0.0,0.0,2
39.96,47.23,15.2,19.61,18.14,0.0,0.0,0.0,0.0,0.0,0.0,0.0,0.0,0.0,0.0,2
-111.8,-116.56,-9.81,-7.85,-3.92,0.0,0.0,0.0,0.0,0.0,0.0,0.0,0.0,0.0,0.0,2
-111.8,-116.56,-9.81,-7.85,-3.92,1.57,2.01,0.0,0.0,0.0,0.0,0.0,0.0,0.0,0.0,2
-111.8,-116.56,-9.81,-7.85,-3.92,1.57,2.01,2.01,0.0,0.0,0.0,0.0,0.0,0.0,0.0,2
-111.8,-116.56,-9.81,-7.85,-3.92,1.57,2.01,2.01,0.0,0.0,0.0,0.0,0.0,0.0,0.0,2
-111.8,-116.56,-9.81,-7.85,-3.92,1.57,2.01,2.01,0.0,0.0,0.0,0.0,0.0,0.0,0.0,2
-111.8,-116.56,-9.81,-7.85,-3.92,1.57,2.01,2.01,0.0,0.0,0.0,0.0,0.0,0.0,0.0,2
-111.8,-116.56,-9.81,-7.85,-3.92,1.57,2.01,2.01,0.0,0.0,0.0,0.0,0.0,0.0,0.0,2
-111.8,-116.56,-9.81,-7.85,-3.92,1.57,2.01,2.01,0.0,0.0,0.0,0.0,0.0,0.0,0.0,2
-153.43,135.0,-9.81,19.61,-19.61,1.57,2.01,2.01,0.0,0.0,0.0,0.0,0.0,0.0,0.0,2
-153.43,135.0,-9.81,19.61,-19.61,3.84,2.01,2.01,0.0,0.0,0.0,0.0,0.0,0.0,0.0,2
-153.43,135.0,-9.81,19.61,-19.61,3.84,2.01,-4.01,0.0,0.0,0.0,0.0,0.0,0.0,0.0,2
-153.43,135.0,-9.81,19.61,-19.61,3.84,2.01,-4.01,0.0,0.0,0.0,0.0,0.0,0.0,0.0,2
63.44,59.04,2.94,2.45,1.47,3.84,2.01,-4.01,2112.0,3801.0,0.0,0.77,1.0,0.849,0.778,2
63.44,59.04,2.94,2.45,1.47,3.84,2.01,-4.01,2195.0,3482.0,0.0,0.77,0.0,0.849,0.778,2
63.44,59.04,2.94,2.45,1.47,3.84,2.01,-4.01,2328.0,3262.0,0.0,0.77,0.0,0.849,0.778,2
63.44,59.04,2.94,2.45,1.47,3.84,2.01,-4.01,2321.0,2990.0,0.0,0.77,0.0,0.849,0.778,2
63.44,59.04,2.94,2.45,1.47,3.84,2.01,-4.01,2350.0,2807.0,0.0,0.77,0.0,0.849,0.778,2
81.87,59.04,10.3,2.45,1.47,3.84,2.01,-4.01,2252.0,2699.0,0.0,0.77,0.0,0.849,0.778,2
81.87,84.1,10.3,14.22,1.47,3.84,2.01,-4.01,2122.0,2439.0,0.0,0.77,0.0,0.849,0.778,2
81.87,84.1,10.3,14.22,1.47,3.84,2.01,-4.01,1948.0,2544.0,0.0,0.77,0.0,0.849,0.778,2
49.4,58.17,10.3,14.22,8.83,3.84,2.01,-4.01,2091.0,2676.0,0.0,0.77,0.0,0.849,0.778,2
49.4,58.17,10.3,14.22,8.83,-2.88,-2.18,-4.01,2089.0,2528.0,0.0,0.77,0.0,0.849,0.778,2
49.4,58.17,10.3,14.22,8.83,-2.88,-2.18,-4.01,2170.0,2377.0,0.0,0.77,0.0,0.849,0.778,2
49.4,58.17,10.3,14.22,8.83,-2.88,-2.18,-4.01,2306.0,2170.0,0.0,0.77,0.696,0.849,0.778,2
49.4,58.17,10.3,14.22,8.83,-2.88,-2.18,-4.01,2196.0,2123.0,0.0,0.77,0.511,0.849,0.778,2
49.4,58.17,10.3,14.22,8.83,-2.88,-2.18,-4.01,2357.0,1967.0,0.0,0.77,0.552,0.623,0.778,2
49.4,58.17,10.3,14.22,8.83,-2.88,-2.18,-4.01,2224.0,2062.0,0.0,0.77,0.552,0.623,1.0,2
49.4,58.17,10.3,14.22,8.83,-2.88,-2.18,-4.01,2044.0,1917.0,0.0,0.77,0.552,0.623,0.0,2
49.4,58.17,10.3,14.22,8.83,-2.88,-2.18,-4.01,2232.0,1826.0,0.0,0.77,0.552,0.623,0.0,2
49.4,58.17,10.3,14.22,8.83,-2.88,-2.18,-4.01,2084.0,1901.0,0.0,0.77,0.552,0.623,0.0,2
49.4,58.17,10.3,14.22,8.83,-2.88,-2.18,-4.01,1926.0,1908.0,0.0,0.77,0.552,0.623,0.0,2
-63.44,58.17,-17.65,14.22,8.83,-2.88,-2.18,-4.01,1855.0,1826.0,0.0,0.77,0.552,0.623,0.0,2
49.4,26.56,10.3,4.41,8.83,-2.88,-2.18,-4.01,1981.0,2105.0,0.0,0.77,0.552,0.623,0.0,2
49.4,26.56,10.3,4.41,8.83,-2.88,-2.18,-4.01,1918.0,1912.0,0.0,0.77,0.552,0.623,0.0,2
49.4,26.56,10.3,4.41,8.83,-2.88,-2.18,-4.01,1790.0,2060.0,0.0,0.77,0.552,0.623,0.0,2
49.4,26.56,10.3,4.41,8.83,-2.88,-2.18,-4.01,1728.0,2039.0,0.0,0.77,0.552,0.623,0.0,2
49.4,26.56,10.3,4.41,8.83,0.44,0.09,-4.01,1899.0,2214.0,0.0,0.77,0.552,0.623,0.0,2
49.4,26.56,10.3,4.41,8.83,0.44,0.09,0.7,1981.0,2143.0,0.0,0.77,0.552,0.623,0.0,2
49.4,26.56,10.3,4.41,8.83,0.44,0.09,0.7,1949.0,2018.0,0.0,0.337,0.552,0.623,0.0,2
49.4,26.56,10.3,4.41,8.83,0.44,0.09,0.7,1833.0,2099.0,0.0,0.337,1.0,0.623,0.0,2
49.4,26.56,10.3,4.41,8.83,0.44,0.09,0.7,2031.0,1901.0,0.0,0.337,1.0,1.0,0.0,2
49.4,26.56,10.3,4.41,8.83,0.44,0.09,0.7,2157.0,1999.0,0.0,0.337,1.0,0.0,0.0,2
49.4,26.56,10.3,4.41,8.83,0.44,0.09,0.7,2275.0,2044.0,0.0,0.337,1.0,0.0,0.586,2
49.4,26.56,10.3,4.41,8.83,0.44,0.09,0.7,2295.0,1843.0,0.0,0.337,1.0,0.0,0.586,2
49.4,26.56,10.3,4.41,8.83,0.44,0.09,0.7,2086.0,2066.0,0.0,0.337,1.0,0.0,0.586,2
-158.2,-119.06,-0.98,-4.41,-2.45,0.44,0.09,0.7,2135.0,1911.0,0.0,0.337,1.0,0.0,0.586,2
-158.2,-119.06,-0.98,-4.41,-2.45,0.44,0.09,0.7,2329.0,1939.0,0.0,0.337,1.0,0.0,0.586,2
-158.2,-119.06,-0.98,-4.41,-2.45,0.44,0.09,0.7,2281.0,1909.0,0.0,0.337,1.0,0.0,0.586,2
-158.2,-119.06,-0.98,-4.41,-2.45,0.44,0.09,0.7,2232.0,2015.0,0.0,0.337,1.0,0.0,0.586,2
-158.2,-119.06,-0.98,-4.41,-2.45,0.44,0.09,0.7,2010.0,2115.0,0.0,0.337,1.0,0.0,0.586,2
102.8,101.31,10.79,12.26,-2.45,0.44,0.09,0.7,1887.0,2313.0,0.0,0.337,1.0,0.0,0.586,2
45.0,48.65,10.79,12.26,10.79,0.44,0.09,0.7,1967.0,2476.0,0.0,0.337,1.0,0.0,0.586,2
45.0,48.65,10.79,12.26,10.79,0.44,0.09,0.7,2075.0,2237.0,0.0,0.337,1.0,0.0,0.586,2
45.0,48.65,10.79,12.26,10.79,-3.14,-2.27,-2.79,2178.0,2177.0,0.0,0.337,1.0,0.0,0.586,2
45.0,48.65,10.79,12.26,10.79,-0.17,-2.27,-2.79,2058.0,2328.0,0.0,0.337,1.0,0.0,0.586,2
45.0,7.76,10.79,1.47,10.79,-0.17,-0.26,-0.35,1906.0,2195.0,0.0,0.337,1.0,0.0,0.586,2
11.31,30.96,0.49,1.47,2.45,-0.17,-0.26,-0.35,1732.0,2175.0,0.0,0.337,1.0,0.0,0.586,2
11.31,30.96,0.49,1.47,2.45,-0.17,-0.26,-0.35,1861.0,2327.0,0.0,0.337,1.0,0.0,0.586,2
11.31,30.96,0.49,1.47,2.45,-0.17,-0.26,-0.35,1910.0,2407.0,0.0,0.337,1.0,0.0,0.586,2
11.31,30.96,0.49,1.47,2.45,-0.17,-0.26,-0.35,1930.0,2458.0,0.0,0.337,1.0,0.0,0.586,2
11.31,30.96,0.49,1.47,2.45,-0.17,-0.26,-0.35,1771.0,2645.0,0.0,0.337,1.0,0.0,0.586,2
11.31,30.96,0.49,1.47,2.45,-0.17,-0.26,-0.35,1853.0,2567.0,0.0,0.337,1.0,0.0,0.586,2
11.31,30.96,0.49,1.47,2.45,-0.17,-0.26,-0.35,1697.0,2521.0,0.0,0.337,1.0,0.0,0.586,2
11.31,30.96,0.49,1.47,2.45,-0.17,-0.26,-0.35,1586.0,2501.0,0.0,0.337,1.0,0.0,0.586,2
11.31,30.96,0.49,1.47,2.45,-0.17,-0.26,-0.35,1614.0,2643.0,0.0,0.337,1.0,0.0,0.586,2
-30.96,30.96,-1.47,1.47,2.45,-0.17,-0.26,-0.35,1660.0,2407.0,0.0,0.337,1.0,0.0,0.586,2
-21.8,30.96,-0.98,1.47,2.45,-0.17,-0.26,-0.35,1794.0,2189.0,0.0,0.337,1.0,0.0,0.586,2
-63.43,45.0,-0.98,0.49,0.49,-0.17,-0.26,-0.35,2005.0,2274.0,0.0,0.337,1.0,0.0,0.586,2
-90.0,90.0,-0.98,0.49,0.0,-0.17,-0.26,-0.35,1956.0,2385.0,0.0,0.337,1.0,0.0,0.586,2
-90.0,0.0,-0.98,0.0,0.0,-0.17,-0.26,-0.35,2167.0,2301.0,0.0,0.337,1.0,0.0,0.586,2
-90.0,0.0,-0.49,0.0,0.0,-0.17,-0.26,-0.35,2350.0,2188.0,0.0,0.337,1.0,0.0,0.586,2
90.0,0.0,0.49,0.0,0.0,-0.17,-0.26,-0.35,2122.0,2226.0,0.0,0.337,1.0,0.0,0.586,2
90.0,0.0,0.49,0.0,0.0,-0.17,-0.26,-0.35,2268.0,2358.0,0.0,0.337,1.0,0.0,0.586,2
0.0,0.0,0.0,0.0,0.0,-0.17,-0.26,-0.35,2112.0,2348.0,0.0,0.337,1.0,0.0,0.586,1
0.0,0.0,0.0,0.0,0.0,-0.17,-0.26,-0.35,1999.0,2276.0,0.0,0.337,1.0,0.0,0.586,1
0.0,0.0,0.0,0.0,0.0,-0.17,-0.26,-0.35,1848.0,2204.0,0.0,0.337,1.0,0.0,0.586,1
0.0,0.0,0.0,0.0,0.0,-0.17,-0.26,-0.35,1663.0,2319.0,0.0,0.337,1.0,0.0,0.586,1
0.0,0.0,0.0,0.0,0.0,-0.17,-0.26,-0.35,1797.0,2263.0,0.0,0.337,1.0,0.0,0.586,1
0.0,0.0,0.0,0.0,0.0,-0.17,-0.26,-0.35,1671.0,2107.0,0.0,0.337,1.0,0.0,0.586,1
0.0,0.0,0.0,0.0,0.0,-2.01,-0.26,-0.35,1874.0,1946.0,0.0,0.337,1.0,0.0,0.586,1
0.0,0.0,0.0,0.0,0.0,-2.01,-0.26,-0.35,1892.0,2120.0,0.0,0.337,1.0,0.0,0.586,1
0.0,0.0,0.0,0.0,0.0,-2.01,-0.26,-0.35,2080.0,2107.0,0.0,0.337,0.944,0.0,0.586,1
0.0,0.0,0.0,0.0,0.0,-2.01,-0.26,-0.35,1914.0,2106.0,0.0,0.337,0.83,0.0,0.586,1
0.0,0.0,0.0,0.0,0.0,-2.01,-0.26,-0.35,1737.0,2202.0,0.0,0.337,0.83,0.834,0.789,1
0.0,0.0,0.0,0.0,0.0,-2.01,-0.26,-0.35,1959.0,2281.0,0.0,0.77,0.83,0.834,0.815,0
0.0,0.0,0.0,0.0,0.0,-2.01,-0.26,-0.35,1959.0,2199.0,0.0,0.859,0.83,0.834,0.815,0
0.0,0.0,0.0,0.0,0.0,-2.01,-0.26,-0.35,1767.0,2101.0,0.0,0.859,0.83,0.834,0.815,0
0.0,0.0,0.0,0.0,0.0,-2.01,-0.26,-0.35,1732.0,2136.0,0.0,0.859,0.83,0.834,0.815,0
0.0,0.0,0.0,0.0,0.0,-2.01,-0.26,-0.35,1918.0,2164.0,0.0,0.859,0.83,0.834,0.815,0
0.0,0.0,0.0,0.0,0.0,-2.01,-0.26,-0.35,2044.0,2340.0,0.0,0.859,0.83,0.834,0.815,0
0.0,0.0,0.0,0.0,0.0,-2.01,-0.26,-0.35,1939.0,2131.0,0.0,0.859,0.83,0.834,0.815,0
0.0,0.0,0.0,0.0,0.0,-2.01,-0.26,-0.35,1802.0,2246.0,0.0,0.859,0.83,0.834,0.815,0
0.0,0.0,0.0,0.0,0.0,-2.01,-0.26,-0.35,1919.0,2027.0,0.0,0.859,0.83,0.834,0.815,0
0.0,0.0,0.0,0.0,0.0,-2.01,-0.26,-0.35,2129.0,2147.0,0.0,0.859,0.83,0.834,0.815,0
0.0,0.0,0.0,0.0,0.0,-2.01,-0.26,-0.35,2059.0,2114.0,0.0,0.859,0.83,0.834,0.815,0
0.0,0.0,0.0,0.0,0.0,-2.01,-0.26,-0.35,2119.0,1956.0,0.0,0.859,0.83,0.834,0.815,0
0.0,0.0,0.0,0.0,0.0,-2.01,-0.26,-0.35,1929.0,2046.0,0.0,0.859,0.83,0.834,0.815,0
0.0,0.0,0.0,0.0,0.0,-2.01,-0.26,-0.35,2094.0,1876.0,0.0,0.859,0.83,0.834,0.815,0
0.0,0.0,0.0,0.0,0.0,-2.01,-0.26,-0.35,2075.0,1744.0,0.0,0.859,0.83,0.834,0.815,0
0.0,0.0,0.0,0.0,0.0,-2.01,-0.26,-0.35,2140.0,1586.0,0.0,0.859,0.83,0.834,0.815,0
0.0,0.0,0.0,0.0,0.0,-2.01,-0.26,-0.35,1950.0,1620.0,0.0,0.859,0.83,0.834,0.815,0
0.0,0.0,0.0,0.0,0.0,-2.01,-0.26,-0.35,2081.0,1815.0,0.0,0.859,0.83,0.834,0.815,0
0.0,0.0,0.0,0.0,0.0,-2.01,-0.26,-0.35,1948.0,1787.0,0.0,0.859,0.83,0.834,0.815,0
0.0,0.0,0.0,0.0,0.0,-2.01,-0.26,-0.35,1997.0,1775.0,0.0,0.859,0.83,0.834,0.815,0
0.0,0.0,0.0,0.0,0.0,-2.01,-0.26,-0.35,1988.0,1723.0,0.0,0.859,0.83,0.834,0.815,0
0.0,0.0,0.0,0.0,0.0,-2.01,-0.26,-0.35,1846.0,1825.0,0.0,0.859,0.83,0.834,0.815,0
0.0,0.0,0.0,0.0,0.0,-2.01,-0.26,-0.35,1938.0,1794.0,0.0,0.859,0.83,0.834,0.815,0
0.0,0.0,0.0,0.0,0.0,-2.01,-0.26,-0.35,1806.0,1886.0,0.0,0.859,0.83,0.834,0.815,0
0.0,0.0,0.0,0.0,0.0,-2.01,-0.26,-0.35,1669.0,2049.0,0.0,0.859,0.83,0.834,0.815,0
0.0,0.0,0.0,0.0,0.0,-2.01,-0.26,-0.35,1754.0,1904.0,0.0,0.859,0.83,0.834,0.815,0
0.0,0.0,0.0,0.0,0.0,-2.01,-0.26,-0.35,1871.0,1944.0,0.0,0.859,0.83,0.834,0.815,0
0.0,0.0,0.0,0.0,0.0,-2.01,-0.26,-0.35,1771.0,1790.0,0.0,0.859,0.83,0.834,0.815,0
0.0,0.0,0.0,0.0,0.0,-2.01,-0.26,-0.35,1792.0,1891.0,0.0,0.859,0.83,0.834,0.815,0
0.0,0.0,0.0,0.0,0.0,-2.01,-0.26,-0.35,1941.0,1765.0,0.0,0.859,0.83,0.834,0.815,0
0.0,0.0,0.0,0.0,0.0,-2.01,-0.26,-0.35,1994.0,1984.0,0.0,0.859,0.83,0.834,0.815,0
0.0,0.0,0.0,0.0,0.0,-2.01,-0.26,-0.35,1937.0,1874.0,0.0,0.859,0.83,0.834,0.815,0
0.0,0.0,0.0,0.0,0.0,-2.01,-0.26,-0.35,1940.0,1898.0,0.0,0.859,0.83,0.834,0.815,0
0.0,0.0,0.0,0.0,0.0,-2.01,-0.26,-0.35,1783.0,1871.0,0.0,0.859,0.83,0.834,0.815,0
0.0,0.0,0.0,0.0,0.0,-2.01,-0.26,-0.35,1894.0,1885.0,0.0,0.859,0.83,0.834,0.815,0
0.0,0.0,0.0,0.0,0.0,-2.01,-0.26,-0.35,1780.0,1936.0,0.0,0.859,0.83,0.834,0.815,0
0.0,0.0,0.0,0.0,0.0,-2.01,-0.26,-0.35,1724.0,1880.0,0.0,0.859,0.83,0.834,0.815,0
0.0,0.0,0.0,0.0,0.0,-2.01,-0.26,-0.35,1919.0,1974.0,0.0,0.859,0.83,0.834,0.815,0
0.0,0.0,0.0,0.0,0.0,-2.01,-0.26,-0.35,1750.0,1925.0,0.0,0.859,0.83,0.834,0.815,0
0.0,0.0,0.0,0.0,0.0,-2.01,-0.26,-0.35,1896.0,2019.0,0.0,0.859,0.83,0.834,0.815,0
0.0,0.0,0.0,0.0,0.0,-2.01,-0.26,-0.35,1791.0,2172.0,0.0,0.859,0.83,0.834,0.815,0
0.0,0.0,0.0,0.0,0.0,-2.01,-0.26,-0.35,1725.0,2057.0,0.0,0.859,0.83,0.834,0.815,0
0.0,0.0,0.0,0.0,0.0,-2.01,-0.26,-0.35,1616.0,2142.0,0.0,0.859,0.83,0.834,0.815,0
0.0,0.0,0.0,0.0,0.0,-2.01,-0.26,-0.35,1819.0,2300.0,0.0,0.859,0.83,0.834,0.815,0
0.0,0.0,0.0,0.0,0.0,-2.01,-0.26,-0.35,2011.0,2220.0,0.0,0.859,0.83,0.834,0.815,0
0.0,0.0,0.0,0.0,0.0,-2.01,-0.26,-0.35,2014.0,2179.0,0.0,0.859,0.83,0.834,0.815,0
0.0,0.0,0.0,0.0,0.0,-2.01,-0.26,-0.35,2146.0,2176.0,0.0,0.859,0.83,0.834,0.815,0
0.0,0.0,0.0,0.0,0.0,-2.01,-0.26,-0.35,2060.0,2104.0,0.0,0.859,0.83,0.834,0.815,0
0.0,0.0,0.0,0.0,0.0,-2.01,-0.26,-0.35,1984.0,2153.0,0.0,0.859,0.83,0.834,0.815,0
0.0,0.0,0.0,0.0,0.0,-2.01,-0.26,-0.35,1793.0,2053.0,0.0,0.859,0.83,0.834,0.815,0
0.0,0.0,0.0,0.0,0.0,-2.01,-0.26,-0.35,1880.0,2000.0,0.0,0.859,0.83,0.834,0.815,0
0.0,0.0,0.0,0.0,0.0,-2.01,-0.26,-0.35,1724.0,1979.0,0.0,0.859,0.83,0.834,0.815,0
0.0,0.0,0.0,0.0,0.0,-2.01,-0.26,-0.35,1594.0,2026.0,0.0,0.859,0.83,0.834,0.815,0
0.0,0.0,0.0,0.0,0.0,-2.01,-0.26,-0.35,1523.0,2010.0,0.0,0.859,0.83,0.834,0.815,0
0.0,0.0,0.0,0.0,0.0,-2.01,-0.26,-0.35,1500.0,2184.0,0.0,0.859,0.83,0.834,0.815,0
0.0,0.0,0.0,0.0,0.0,-2.01,-0.26,-0.35,1524.0,1982.0,0.0,0.859,0.83,0.834,0.815,0
0.0,0.0,0.0,0.0,0.0,-2.01,-0.26,-0.35,1586.0,1789.0,0.0,0.859,0.83,0.834,0.815,0
0.0,0.0,0.0,0.0,0.0,-2.01,-0.26,-0.35,1489.0,1911.0,0.0,0.859,0.83,0.834,0.815,0
0.0,0.0,0.0,0.0,0.0,-2.01,-0.26,-0.35,1485.0,1914.0,0.0,0.859,0.83,0.834,0.815,0
0.0,0.0,0.0,0.0,0.0,-2.01,-0.26,-0.35,1673.0,1793.0,0.0,0.859,0.83,0.834,0.815,0
0.0,0.0,0.0,0.0,0.0,-2.01,-0.26,-0.35,1630.0,1713.0,0.0,0.859,0.83,0.834,0.815,0
0.0,0.0,0.0,0.0,0.0,-2.01,-0.26,-0.35,1598.0,1635.0,0.0,0.859,0.83,0.834,0.815,0
0.0,0.0,0.0,0.0,0.0,-2.01,-0.26,-0.35,1588.0,1693.0,0.0,0.859,0.83,0.834,0.815,0
0.0,0.0,0.0,0.0,0.0,-2.01,-0.26,-0.35,1657.0,1708.0,0.0,0.859,0.83,0.834,0.815,0
0.0,0.0,0.0,0.0,0.0,-2.01,-0.26,-0.35,1690.0,1545.0,0.0,0.859,0.83,0.834,0.815,0
0.0,0.0,0.0,0.0,0.0,-2.01,-0.26,-0.35,1597.0,1610.0,0.0,0.859,0.83,0.834,0.815,0
0.0,0.0,0.0,0.0,0.0,-0.26,-0.26,-0.35,1550.0,1810.0,0.0,0.859,0.83,0.834,0.815,0
0.0,0.0,0.0,0.0,0.0,-0.26,-0.26,-0.35,1576.0,1814.0,0.0,0.859,0.83,0.834,0.815,0
0.0,0.0,0.0,0.0,0.0,-0.26,-0.26,-0.35,1714.0,1997.0,0.0,0.859,0.83,0.834,0.815,0
0.0,0.0,0.0,0.0,0.0,-0.09,0.0,-0.35,1663.0,1932.0,0.0,0.859,0.83,0.834,0.815,0
0.0,0.0,0.0,0.0,0.0,0.0,0.0,-0.09,1739.0,2063.0,0.0,0.859,0.83,0.834,0.815,0
0.0,0.0,0.0,0.0,0.0,0.0,0.0,0.0,1909.0,1907.0,0.0,0.859,0.83,0.834,0.815,0
0.0,0.0,0.0,0.0,0.0,0.0,0.0,0.0,1824.0,1779.0,0.0,0.859,0.83,0.834,0.726,0
0.0,0.0,0.0,0.0,0.0,0.0,0.0,0.0,1656.0,1980.0,0.0,0.859,0.83,0.633,0.64,0
0.0,0.0,0.0,0.0,0.0,0.0,0.0,0.0,1752.0,1992.0,0.0,0.859,0.626,0.633,0.64,0
0.0,0.0,0.0,0.0,0.0,0.0,0.0,0.0,1618.0,2180.0,0.0,0.789,0.626,0.633,0.64,0
0.0,0.0,0.0,0.0,0.0,0.0,0.0,0.0,1787.0,1978.0,0.0,1.0,0.663,0.633,0.64,1
0.0,0.0,0.0,0.0,0.0,0.0,0.0,0.0,1611.0,2176.0,0.0,1.0,0.83,0.633,0.64,0
0.0,0.0,0.0,0.0,0.0,0.0,0.0,0.0,1573.0,2352.0,0.0,1.0,0.83,0.852,0.64,0
0.0,0.0,0.0,0.0,0.0,0.0,0.0,0.0,1529.0,2525.0,0.0,1.0,0.83,0.852,0.863,0
0.0,0.0,0.0,0.0,0.0,0.0,0.0,0.0,1509.0,2613.0,0.0,1.0,0.83,0.852,0.863,0
0.0,0.0,0.0,0.0,0.0,0.0,0.0,0.0,1432.0,2534.0,0.0,1.0,0.83,0.852,0.863,0
0.0,0.0,0.0,0.0,0.0,0.0,0.0,0.0,1412.0,2530.0,0.0,1.0,0.83,0.852,0.863,0
0.0,0.0,0.0,0.0,0.0,0.0,0.0,0.0,1652.0,2541.0,0.0,1.0,0.83,0.852,0.863,0
0.0,0.0,0.0,0.0,0.0,0.0,0.0,0.0,1762.0,2350.0,0.0,1.0,0.83,0.852,0.863,0
0.0,0.0,0.0,0.0,0.0,0.0,0.0,0.0,1769.0,2335.0,0.0,0.759,0.83,0.852,0.863,0
0.0,0.0,0.0,0.0,0.0,0.0,0.0,0.0,1873.0,2241.0,0.0,0.811,0.83,0.852,0.863,0
0.0,0.0,0.0,0.0,0.0,0.0,0.0,0.0,2046.0,2088.0,0.0,0.811,0.83,0.852,0.863,0
0.0,0.0,0.0,0.0,0.0,0.0,0.0,0.0,1953.0,2173.0,0.0,0.785,0.83,0.852,0.863,0
0.0,0.0,0.0,0.0,0.0,0.0,0.0,0.0,2034.0,2223.0,0.0,0.785,0.83,0.852,0.863,0
0.0,0.0,0.0,0.0,0.0,0.0,0.0,0.0,2030.0,2074.0,0.0,0.852,0.83,0.852,0.863,0
0.0,0.0,0.0,0.0,0.0,0.0,0.0,0.0,2030.0,2047.0,0.0,0.815,0.83,0.852,0.863,0
0.0,0.0,0.0,0.0,0.0,0.0,0.0,0.0,1984.0,2016.0,0.0,0.815,0.83,0.852,0.818,0
0.0,0.0,0.0,0.0,0.0,0.0,0.0,0.0,2020.0,2124.0,0.0,0.815,0.83,0.83,0.818,0
0.0,0.0,0.0,0.0,0.0,0.0,0.0,0.0,1963.0,2024.0,0.0,0.815,0.83,0.83,0.818,0
0.0,0.0,0.0,0.0,0.0,0.0,0.0,0.0,2138.0,2058.0,0.0,0.815,0.83,0.83,0.818,0
0.0,0.0,0.0,0.0,0.0,0.0,0.0,0.0,2125.0,2113.0,0.0,0.815,0.83,0.83,0.818,0
0.0,0.0,0.0,0.0,0.0,0.0,0.0,0.0,2149.0,2169.0,0.0,0.815,0.83,0.83,0.818,0
0.0,0.0,0.0,0.0,0.0,0.0,0.0,0.0,1982.0,2037.0,0.0,0.815,0.83,0.83,0.818,0
0.0,0.0,0.0,0.0,0.0,0.0,0.0,0.0,2020.0,1894.0,0.0,0.815,0.83,0.83,0.818,0
0.0,0.0,0.0,0.0,0.0,0.0,0.0,0.0,1970.0,1728.0,0.0,0.815,0.83,0.83,0.818,0
0.0,0.0,0.0,0.0,0.0,0.0,0.0,0.0,2070.0,1956.0,0.0,0.815,0.83,0.83,0.818,0
0.0,0.0,0.0,0.0,0.0,0.35,0.0,0.0,1969.0,2111.0,0.0,0.815,0.83,0.83,0.818,0
0.0,0.0,0.0,0.0,0.0,0.35,0.26,0.0,2152.0,1928.0,0.0,0.815,0.83,0.83,0.818,0
0.0,0.0,0.0,0.0,0.0,0.35,0.26,0.17,2289.0,1932.0,0.0,0.815,0.83,0.83,0.818,0
0.0,0.0,0.0,0.0,0.0,0.35,0.26,0.26,2277.0,1855.0,0.0,0.815,0.83,0.83,0.818,0
0.0,0.0,0.0,0.0,0.0,0.35,0.26,0.26,2326.0,2038.0,0.0,0.815,0.83,0.83,0.818,0
0.0,0.0,0.0,0.0,0.0,0.35,0.26,0.26,2198.0,1861.0,0.0,0.815,0.83,0.83,0.818,0
0.0,0.0,0.0,0.0,0.0,0.35,0.26,0.26,2044.0,1881.0,0.0,0.815,0.83,0.83,0.818,0
0.0,0.0,0.0,0.0,0.0,0.35,0.26,0.26,2122.0,1887.0,0.0,0.815,0.83,0.83,0.818,0
0.0,0.0,0.0,0.0,0.0,0.35,0.26,0.26,2099.0,1774.0,0.0,0.815,0.83,0.83,0.818,0
46.85,46.85,7.85,7.85,7.35,0.35,0.26,0.26,1930.0,2004.0,0.0,0.815,0.83,0.83,0.818,2
46.85,46.85,7.85,7.85,7.35,0.35,0.26,0.26,1952.0,1860.0,0.0,0.815,0.83,0.83,0.818,2
46.85,46.85,7.85,7.85,7.35,0.35,0.26,0.26,2033.0,1956.0,0.0,0.815,0.83,0.83,0.818,2
46.85,46.85,7.85,7.85,7.35,0.35,0.26,0.26,1858.0,1836.0,0.0,0.815,0.83,0.83,0.818,2
46.85,46.85,7.85,7.85,7.35,0.35,0.26,0.26,2000.0,2012.0,0.0,0.815,0.83,0.83,0.818,2
46.85,46.85,7.85,7.85,7.35,0.35,0.26,0.26,2045.0,2165.0,0.0,0.815,0.83,0.83,0.818,2
46.85,46.85,7.85,7.85,7.35,0.35,0.26,0.26,2194.0,2134.0,0.0,0.815,0.83,0.83,0.818,2
46.85,46.85,7.85,7.85,7.35,0.35,0.26,0.26,2296.0,2172.0,0.0,0.815,0.83,0.83,0.818,2
46.85,46.85,7.85,7.85,7.35,0.35,0.26,0.26,2443.0,1986.0,0.0,0.815,0.83,0.83,0.818,2
46.85,46.85,7.85,7.85,7.35,0.35,0.26,0.26,2240.0,1846.0,0.0,0.815,0.83,0.83,0.818,2
46.85,46.85,7.85,7.85,7.35,0.35,0.26,0.26,2344.0,1964.0,0.0,0.815,0.83,0.83,0.818,2
46.85,46.85,7.85,7.85,7.35,0.35,0.26,0.26,2267.0,2013.0,0.0,0.815,0.83,0.83,0.818,2
46.85,46.85,7.85,7.85,7.35,0.35,0.26,0.26,2127.0,2014.0,0.0,0.815,0.83,0.83,0.818,2
46.85,46.85,7.85,7.85,7.35,0.35,0.26,0.26,1937.0,1920.0,0.0,0.815,0.83,0.83,0.818,2
46.85,46.85,7.85,7.85,7.35,0.35,0.26,0.26,1905.0,1901.0,0.0,0.815,0.83,0.83,0.818,2
46.85,46.85,7.85,7.85,7.35,0.35,0.26,0.26,1811.0,1950.0,0.0,0.815,0.83,0.83,0.818,2
46.85,46.85,7.85,7.85,7.35,0.35,0.26,0.26,1805.0,1768.0,0.0,0.815,0.83,0.83,0.818,2
46.85,46.85,7.85,7.85,7.35,0.35,0.26,0.26,1718.0,1865.0,0.0,0.815,0.83,0.83,0.818,2
46.85,46.85,7.85,7.85,7.35,0.35,0.26,0.26,1702.0,2042.0,0.0,0.815,0.83,0.83,0.818,2
46.85,46.85,7.85,7.85,7.35,0.35,0.26,0.26,1898.0,1940.0,0.0,0.815,0.83,0.83,0.818,2
46.85,46.85,7.85,7.85,7.35,0.35,0.26,0.26,1826.0,1839.0,0.0,0.815,0.83,0.83,0.818,2
46.85,46.85,7.85,7.85,7.35,0.35,0.26,0.26,1689.0,1980.0,0.0,0.815,0.83,0.83,0.818,2
46.85,46.85,7.85,7.85,7.35,0.35,0.26,0.26,1601.0,1931.0,0.0,0.815,0.83,0.83,0.818,2
46.85,46.85,7.85,7.85,7.35,0.35,0.26,0.26,1734.0,1839.0,0.0,0.815,0.83,0.83,0.818,2
46.85,46.85,7.85,7.85,7.35,0.35,0.26,0.26,1912.0,1866.0,0.0,0.815,0.83,0.83,0.818,2
46.85,46.85,7.85,7.85,7.35,0.35,0.26,0.26,1890.0,1800.0,0.0,0.815,0.83,0.83,0.818,2
46.85,46.85,7.85,7.85,7.35,0.35,0.26,0.26,2057.0,1819.0,0.0,0.815,0.83,0.83,0.818,2
46.85,46.85,7.85,7.85,7.35,0.35,0.26,0.26,2068.0,1955.0,0.0,0.815,0.83,0.83,0.818,2
46.85,46.85,7.85,7.85,7.35,0.35,0.26,0.26,1989.0,1912.0,0.0,0.815,0.83,0.83,0.818,2
46.85,46.85,7.85,7.85,7.35,0.35,0.26,0.26,2189.0,1787.0,0.0,0.815,0.83,0.83,0.818,2
46.85,46.85,7.85,7.85,7.35,0.35,0.26,0.26,2276.0,1824.0,0.0,0.815,0.83,0.83,0.818,2
46.85,46.85,7.85,7.85,7.35,0.35,0.26,0.26,2342.0,1938.0,0.0,0.815,0.83,0.83,0.818,2
46.85,46.85,7.85,7.85,7.35,0.35,0.26,0.26,2122.0,1950.0,0.0,0.815,0.83,0.83,0.818,2
46.85,46.85,7.85,7.85,7.35,0.35,0.26,0.26,2044.0,1980.0,0.0,0.815,0.83,0.83,0.818,2
46.85,46.85,7.85,7.85,7.35,0.35,0.26,0.26,2217.0,1876.0,0.0,0.815,0.83,0.83,0.818,2
46.85,46.85,7.85,7.85,7.35,0.35,0.26,0.26,2019.0,1909.0,0.0,0.815,0.83,0.83,0.818,2
46.85,46.85,7.85,7.85,7.35,0.35,0.26,0.26,1916.0,1747.0,0.0,0.815,0.83,0.83,0.818,2
46.85,46.85,7.85,7.85,7.35,0.35,0.26,0.26,2057.0,1832.0,0.0,0.815,0.83,0.83,0.818,2
46.85,46.85,7.85,7.85,7.35,0.35,0.26,0.26,2011.0,1699.0,0.0,0.815,0.83,0.83,0.818,2
46.85,46.85,7.85,7.85,7.35,0.35,0.26,0.26,1959.0,1580.0,0.0,0.815,0.83,0.83,0.818,2
46.85,46.85,7.85,7.85,7.35,0.35,0.26,0.26,1779.0,1783.0,0.0,0.815,0.83,0.83,0.818,2
46.85,46.85,7.85,7.85,7.35,0.35,0.26,0.26,1617.0,1837.0,0.0,0.815,0.83,0.83,0.818,2
46.85,46.85,7.85,7.85,7.35,0.35,0.26,0.26,1484.0,1750.0,0.0,0.815,0.83,0.83,0.818,2
46.85,46.85,7.85,7.85,7.35,0.35,0.26,0.26,1544.0,1770.0,0.0,0.815,0.83,0.83,0.818,2
46.85,46.85,7.85,7.85,7.35,0.35,0.26,0.26,1688.0,1840.0,0.0,0.815,0.83,0.83,0.818,2
46.85,46.85,7.85,7.85,7.35,0.35,0.26,0.26,1787.0,1732.0,0.0,0.815,0.83,0.83,0.818,2
46.85,46.85,7.85,7.85,7.35,0.35,0.26,0.26,1980.0,1659.0,0.0,0.815,0.83,0.83,0.818,2
46.85,46.85,7.85,7.85,7.35,0.35,0.26,0.26,2157.0,1595.0,0.0,0.815,0.83,0.83,0.818,2
46.85,46.85,7.85,7.85,7.35,0.35,0.26,0.26,2212.0,1803.0,0.0,0.815,0.83,0.83,0.818,2
46.85,46.85,7.85,7.85,7.35,0.35,0.26,0.26,2131.0,1750.0,0.0,0.815,0.83,0.83,0.818,2
46.85,46.85,7.85,7.85,7.35,0.35,0.26,0.26,2216.0,1797.0,0.0,0.815,0.83,0.83,0.818,2
46.85,46.85,7.85,7.85,7.35,0.35,0.26,0.26,2030.0,2018.0,0.0,0.815,0.83,0.83,0.818,2
46.85,46.85,7.85,7.85,7.35,0.35,0.26,0.26,2127.0,1950.0,0.0,0.815,0.83,0.83,0.818,2
46.85,46.85,7.85,7.85,7.35,0.35,0.26,0.26,2245.0,2074.0,0.0,0.815,0.83,0.83,0.818,2
46.85,46.85,7.85,7.85,7.35,0.35,0.26,0.26,2241.0,2065.0,0.0,0.815,0.83,0.83,0.818,2
46.85,46.85,7.85,7.85,7.35,0.35,0.26,0.26,2121.0,2123.0,0.0,0.815,0.83,0.83,0.818,2
46.85,46.85,7.85,7.85,7.35,0.35,0.26,0.26,2203.0,2178.0,0.0,0.815,0.83,0.83,0.818,2
46.85,46.85,7.85,7.85,7.35,0.35,0.26,0.26,2326.0,2188.0,0.0,0.815,0.83,0.83,0.818,2
46.85,46.85,7.85,7.85,7.35,0.35,0.26,0.26,2274.0,2185.0,0.0,0.815,0.83,0.83,0.818,2
46.85,46.85,7.85,7.85,7.35,0.35,0.26,0.26,2357.0,2348.0,0.0,0.815,0.83,0.83,0.818,2
46.85,46.85,7.85,7.85,7.35,0.35,0.26,0.26,2447.0,2473.0,0.0,0.815,0.83,0.83,0.818,2
46.85,46.85,7.85,7.85,7.35,0.35,0.26,0.26,2574.0,2338.0,0.0,0.815,0.83,0.83,0.818,2
46.85,46.85,7.85,7.85,7.35,0.35,0.26,0.26,2391.0,2348.0,0.0,0.815,0.83,0.83,0.818,2
46.85,46.85,7.85,7.85,7.35,0.35,0.26,0.26,2355.0,2113.0,0.0,0.815,0.83,0.83,0.818,2
46.85,46.85,7.85,7.85,7.35,0.35,0.26,0.26,2229.0,2184.0,0.0,0.815,0.83,0.83,0.818,2
46.85,46.85,7.85,7.85,7.35,0.35,0.26,0.26,2359.0,2024.0,0.0,0.815,0.83,0.83,0.818,2
46.85,46.85,7.85,7.85,7.35,0.35,0.26,0.26,2354.0,2213.0,0.0,0.815,0.83,0.83,0.818,2
46.85,46.85,7.85,7.85,7.35,0.35,0.26,0.26,2158.0,2286.0,0.0,0.815,0.83,0.83,0.818,2
46.85,46.85,7.85,7.85,7.35,0.35,0.26,0.26,2124.0,2168.0,0.0,0.815,0.83,0.83,0.818,2
46.85,46.85,7.85,7.85,7.35,0.35,0.26,0.26,2303.0,2088.0,0.0,0.815,0.83,0.83,0.818,2
46.85,46.85,7.85,7.85,7.35,0.35,0.26,0.26,2158.0,2076.0,0.0,0.815,0.83,0.83,0.818,2
46.85,46.85,7.85,7.85,7.35,0.35,0.26,0.26,2277.0,2157.0,0.0,0.815,0.83,0.83,0.818,2
46.85,46.85,7.85,7.85,7.35,0.35,0.26,0.26,2216.0,2118.0,0.0,0.815,0.83,0.83,0.818,2
46.85,46.85,7.85,7.85,7.35,0.35,0.26,0.26,2243.0,2063.0,0.0,0.815,0.83,0.83,0.818,2
46.85,46.85,7.85,7.85,7.35,0.35,0.26,0.26,2364.0,2247.0,0.0,0.815,0.83,0.83,0.818,2
46.85,46.85,7.85,7.85,7.35,0.35,0.26,0.26,2264.0,2244.0,0.0,0.815,0.83,0.83,0.818,2
46.85,46.85,7.85,7.85,7.35,0.35,0.26,0.26,2112.0,2216.0,0.0,0.815,0.83,0.83,0.818,2
46.85,46.85,7.85,7.85,7.35,0.35,0.26,0.26,2203.0,2060.0,0.0,0.815,0.83,0.83,0.818,2
46.85,46.85,7.85,7.85,7.35,0.35,0.26,0.26,2293.0,1954.0,0.0,0.815,0.83,0.83,0.818,2
46.85,46.85,7.85,7.85,7.35,0.35,0.26,0.26,2460.0,2045.0,0.0,0.815,0.83,0.83,0.818,2
46.85,46.85,7.85,7.85,7.35,0.35,0.26,0.26,2227.0,1859.0,0.0,0.815,0.83,0.83,0.818,2
46.85,46.85,7.85,7.85,7.35,0.35,0.26,0.26,2236.0,1763.0,0.0,0.815,0.83,0.83,0.818,2
46.85,46.85,7.85,7.85,7.35,0.35,0.26,0.26,2213.0,1704.0,0.0,0.815,0.83,0.83,0.818,2
46.85,46.85,7.85,7.85,7.35,0.35,0.26,0.26,2193.0,1548.0,0.0,0.815,0.83,0.83,0.818,2
46.85,46.85,7.85,7.85,7.35,0.35,0.26,0.26,2364.0,1782.0,0.0,0.815,0.83,0.83,0.818,2
46.85,46.85,7.85,7.85,7.35,0.35,0.26,0.26,2227.0,1690.0,0.0,0.815,0.83,0.83,0.818,2
46.85,46.85,7.85,7.85,7.35,0.35,0.26,0.26,2367.0,1530.0,0.0,0.815,0.83,0.83,0.818,2
46.85,46.85,7.85,7.85,7.35,0.35,0.26,0.26,2393.0,1760.0,0.0,0.815,0.83,0.83,0.818,2
46.85,46.85,7.85,7.85,7.35,0.35,0.26,0.26,2437.0,1657.0,0.0,0.815,0.83,0.83,0.818,2
46.85,46.85,7.85,7.85,7.35,0.35,0.26,0.26,2305.0,1879.0,0.0,0.815,0.83,0.83,0.818,2
46.85,46.85,7.85,7.85,7.35,0.35,0.26,0.26,2359.0,1763.0,0.0,0.815,0.83,0.83,0.818,2
46.85,46.85,7.85,7.85,7.35,0.35,0.26,0.26,2435.0,1691.0,0.0,0.815,0.83,0.83,0.818,2
46.85,46.85,7.85,7.85,7.35,0.35,0.26,0.26,2582.0,1819.0,0.0,0.815,0.83,0.83,0.818,2
46.85,46.85,7.85,7.85,7.35,0.35,0.26,0.26,2581.0,1806.0,0.0,0.815,0.83,0.83,0.818,2
46.85,46.85,7.85,7.85,7.35,0.35,0.26,0.26,2378.0,1896.0,0.0,0.815,0.83,0.83,0.818,2
46.85,46.85,7.85,7.85,7.35,0.35,0.26,0.26,2531.0,1903.0,0.0,0.815,0.83,0.83,0.818,2
46.85,46.85,7.85,7.85,7.35,0.35,0.26,0.26,2536.0,1796.0,0.0,0.815,0.83,0.83,0.818,2
46.85,46.85,7.85,7.85,7.35,0.35,0.26,0.26,2440.0,2018.0,0.0,0.815,0.83,0.83,0.818,2
46.85,46.85,7.85,7.85,7.35,0.35,0.26,0.26,2259.0,1908.0,0.0,0.815,0.83,0.83,0.818,2
46.85,46.85,7.85,7.85,7.35,0.35,0.26,0.26,2281.0,1829.0,0.0,0.815,0.83,0.83,0.818,2
46.85,46.85,7.85,7.85,7.35,0.35,0.26,0.26,2306.0,1988.0,0.0,0.815,0.83,0.83,0.818,2
46.85,46.85,7.85,7.85,7.35,0.35,0.26,0.26,2195.0,1798.0,0.0,0.815,0.83,0.83,0.818,2
46.85,46.85,7.85,7.85,7.35,0.35,0.26,0.26,2314.0,1864.0,0.0,0.815,0.83,0.83,0.818,2
46.85,46.85,7.85,7.85,7.35,0.35,0.26,0.26,2226.0,1906.0,0.0,0.815,0.83,0.83,0.818,2
46.85,46.85,7.85,7.85,7.35,0.35,0.26,0.26,2338.0,1753.0,0.0,0.815,0.83,0.83,0.818,2
46.85,46.85,7.85,7.85,7.35,0.35,0.26,0.26,2362.0,1701.0,0.0,0.815,0.83,0.83,0.818,2
46.85,46.85,7.85,7.85,7.35,0.35,0.26,0.26,2359.0,1888.0,0.0,0.815,0.83,0.83,0.818,2
46.85,46.85,7.85,7.85,7.35,0.35,0.26,0.26,2249.0,2063.0,0.0,0.815,0.83,0.83,0.818,2
46.85,46.85,7.85,7.85,7.35,0.35,0.26,0.26,2196.0,1983.0,0.0,0.815,0.83,0.83,0.818,2
46.85,46.85,7.85,7.85,7.35,0.35,0.26,0.26,2030.0,1970.0,0.0,0.815,0.83,0.83,0.818,2
46.85,46.85,7.85,7.85,7.35,0.35,0.26,0.26,2167.0,1824.0,0.0,0.815,0.83,0.83,0.818,2
46.85,46.85,7.85,7.85,7.35,0.35,0.26,0.26,2344.0,1749.0,0.0,0.815,0.83,0.83,0.818,2
46.85,46.85,7.85,7.85,7.35,0.17,0.0,0.0,2269.0,1597.0,0.0,0.815,0.83,0.83,0.818,2
0.0,46.85,0.0,7.85,7.35,0.17,0.0,0.0,2180.0,1549.0,0.0,0.815,0.83,0.83,0.818,2
0.0,-26.57,0.0,-0.49,0.98,0.17,0.0,0.0,2182.0,1704.0,0.0,0.815,0.83,0.83,0.818,2
0.0,-26.57,0.0,-0.49,0.98,0.17,0.0,0.0,1974.0,1750.0,0.0,0.815,0.83,0.83,0.818,2
0.0,-26.57,0.0,-0.49,0.98,0.17,0.0,0.0,2090.0,1597.0,0.0,0.815,0.83,0.83,0.818,2
0.0,-26.57,0.0,-0.49,0.98,0.17,0.0,0.0,2135.0,1469.0,0.0,0.815,0.83,0.83,0.818,2
0.0,-26.57,0.0,-0.49,0.98,0.17,0.0,0.0,2146.0,1418.0,0.0,0.815,0.83,0.83,0.818,2
0.0,-26.57,0.0,-0.49,0.98,0.17,0.0,0.0,2283.0,1511.0,0.0,0.815,0.83,0.83,0.818,2
0.0,-26.57,0.0,-0.49,0.98,0.17,0.0,0.0,2263.0,1400.0,0.0,0.815,0.83,0.83,0.818,2
0.0,-26.57,0.0,-0.49,0.98,0.17,0.0,0.0,2101.0,1308.0,0.0,0.815,0.83,0.83,0.818,2
0.0,-26.57,0.0,-0.49,0.98,0.17,0.0,0.0,2026.0,1242.0,0.0,0.815,0.83,0.83,0.818,2
0.0,-26.57,0.0,-0.49,0.98,0.17,0.0,0.0,2101.0,1189.0,0.0,0.815,0.83,0.83,0.818,2
0.0,-26.57,0.0,-0.49,0.98,0.17,0.0,0.0,2101.0,1382.0,0.0,0.815,0.83,0.83,0.818,2
0.0,-26.57,0.0,-0.49,0.98,0.17,0.0,0.0,1969.0,1398.0,0.0,0.815,0.83,0.83,0.818,2
0.0,-26.57,0.0,-0.49,0.98,0.17,0.0,0.0,1876.0,1511.0,0.0,0.815,0.83,0.83,0.818,2
0.0,-26.57,0.0,-0.49,0.98,0.17,0.0,0.0,2080.0,1454.0,0.0,0.815,0.83,0.83,0.818,2
0.0,-26.57,0.0,-0.49,0.98,0.17,0.0,0.0,2023.0,1431.0,0.0,0.815,0.83,0.83,0.818,2
0.0,-26.57,0.0,-0.49,0.98,0.17,0.0,0.0,1978.0,1296.0,0.0,0.815,0.83,0.83,0.818,2
0.0,-26.57,0.0,-0.49,0.98,0.17,0.0,0.0,1781.0,1437.0,0.0,0.815,0.83,0.83,0.818,2
0.0,-26.57,0.0,-0.49,0.98,0.17,0.0,0.0,1975.0,1352.0,0.0,0.815,0.83,0.83,0.818,2
0.0,-26.57,0.0,-0.49,0.98,0.17,0.0,0.0,1983.0,1464.0,0.0,0.815,0.83,0.83,0.818,2
0.0,-26.57,0.0,-0.49,0.98,0.17,0.0,0.0,1973.0,1384.0,0.0,0.815,0.83,0.83,0.818,2
0.0,-26.57,0.0,-0.49,0.98,0.17,0.0,0.0,1948.0,1581.0,0.0,0.815,0.83,0.83,0.818,2
0.0,-26.57,0.0,-0.49,0.98,0.17,0.0,0.0,1882.0,1753.0,0.0,0.815,0.83,0.83,0.818,2
0.0,-26.57,0.0,-0.49,0.98,0.17,0.0,0.0,1942.0,1934.0,0.0,0.815,0.83,0.83,0.818,2
0.0,-26.57,0.0,-0.49,0.98,0.17,0.0,0.0,2088.0,1921.0,0.0,0.815,0.83,0.83,0.818,2
0.0,-26.57,0.0,-0.49,0.98,0.17,0.0,0.0,2117.0,2027.0,0.0,0.815,0.83,0.83,0.818,2
0.0,-26.57,0.0,-0.49,0.98,0.17,0.0,0.0,2194.0,2110.0,0.0,0.815,0.83,0.83,0.818,2
0.0,-26.57,0.0,-0.49,0.98,0.17,0.0,0.0,2246.0,1973.0,0.0,0.815,0.83,0.83,0.818,2
0.0,-26.57,0.0,-0.49,0.98,0.17,0.0,0.0,2379.0,1928.0,0.0,0.815,0.83,0.83,0.818,2
0.0,-26.57,0.0,-0.49,0.98,0.17,0.0,0.0,2455.0,2070.0,0.0,0.815,0.83,0.83,0.818,2
0.0,-26.57,0.0,-0.49,0.98,0.17,0.0,0.0,2550.0,2232.0,0.0,0.815,0.83,0.83,0.818,2
0.0,-26.57,0.0,-0.49,0.98,0.17,0.0,0.0,2645.0,2012.0,0.0,0.815,0.83,0.83,0.818,2
0.0,-26.57,0.0,-0.49,0.98,0.17,0.0,0.0,2602.0,1845.0,0.0,0.815,0.83,0.83,0.818,2
0.0,-26.57,0.0,-0.49,0.98,0.17,0.0,0.0,2370.0,1768.0,0.0,0.815,0.83,0.83,0.818,2
0.0,-26.57,0.0,-0.49,0.98,0.17,0.0,0.0,2361.0,1996.0,0.0,0.815,0.83,0.83,0.818,2
0.0,-26.57,0.0,-0.49,0.98,0.17,0.0,0.0,2472.0,1905.0,0.0,0.815,0.83,0.83,0.818,2
0.0,-26.57,0.0,-0.49,0.98,0.17,0.0,0.0,2257.0,1750.0,0.0,0.815,0.83,0.83,0.818,2
0.0,-26.57,0.0,-0.49,0.98,0.17,0.0,0.0,2239.0,1814.0,0.0,0.815,0.83,0.83,0.818,2
0.0,-26.57,0.0,-0.49,0.98,0.17,0.0,0.0,2077.0,1769.0,0.0,0.815,0.83,0.83,0.818,2
0.0,-26.57,0.0,-0.49,0.98,0.17,0.0,0.0,2020.0,1950.0,0.0,0.815,0.83,0.83,0.818,2
0.0,-26.57,0.0,-0.49,0.98,0.17,0.0,0.0,1976.0,1885.0,0.0,0.815,0.83,0.83,0.818,2
0.0,-26.57,0.0,-0.49,0.98,0.17,0.0,0.0,2062.0,1763.0,0.0,0.815,0.83,0.83,0.818,2
0.0,-26.57,0.0,-0.49,0.98,0.17,0.0,0.0,2062.0,1872.0,0.0,0.815,0.83,0.83,0.818,2
0.0,-26.57,0.0,-0.49,0.98,0.17,0.0,0.0,2032.0,1845.0,0.0,0.815,0.83,0.83,0.818,2
0.0,-26.57,0.0,-0.49,0.98,0.17,0.0,0.0,2224.0,1961.0,0.0,0.815,0.83,0.83,0.818,2
0.0,-26.57,0.0,-0.49,0.98,0.17,0.0,0.0,2028.0,1987.0,0.0,0.815,0.83,0.83,0.818,2
0.0,-26.57,0.0,-0.49,0.98,0.17,0.0,0.0,2151.0,2086.0,0.0,0.815,0.83,0.83,0.818,2
0.0,-26.57,0.0,-0.49,0.98,0.17,0.0,0.0,2128.0,1951.0,0.0,0.815,0.83,0.83,0.818,2
0.0,-26.57,0.0,-0.49,0.98,0.17,0.0,0.0,1979.0,1878.0,0.0,0.815,0.83,0.83,0.818,2
0.0,-26.57,0.0,-0.49,0.98,0.17,0.0,0.0,1869.0,1897.0,0.0,0.815,0.83,0.83,0.818,2
0.0,-26.57,0.0,-0.49,0.98,0.17,0.0,0.0,1827.0,1752.0,0.0,0.815,0.83,0.83,0.818,2
0.0,-26.57,0.0,-0.49,0.98,0.17,0.0,0.0,1841.0,1739.0,0.0,0.815,0.83,0.83,0.818,2
0.0,-26.57,0.0,-0.49,0.98,0.17,0.0,0.0,1998.0,1906.0,0.0,0.815,0.83,0.83,0.818,2
0.0,-26.57,0.0,-0.49,0.98,0.17,0.0,0.0,2118.0,1871.0,0.0,0.815,0.83,0.83,0.818,2
0.0,-26.57,0.0,-0.49,0.98,0.17,0.0,0.0,1990.0,1798.0,0.0,0.815,0.83,0.83,0.818,2
0.0,-26.57,0.0,-0.49,0.98,0.17,0.0,0.0,2141.0,1694.0,0.0,0.815,0.83,0.83,0.818,2
0.0,-26.57,0.0,-0.49,0.98,0.17,0.0,0.0,2216.0,1802.0,0.0,0.815,0.83,0.83,0.818,2
0.0,-26.57,0.0,-0.49,0.98,0.17,0.0,0.0,2064.0,1629.0,0.0,0.815,0.83,0.83,0.818,2
0.0,-26.57,0.0,-0.49,0.98,0.17,0.0,0.0,2002.0,1575.0,0.0,0.815,0.83,0.83,0.818,2
0.0,-26.57,0.0,-0.49,0.98,0.17,0.0,0.0,2134.0,1559.0,0.0,0.815,0.83,0.83,0.818,2
0.0,-26.57,0.0,-0.49,0.98,0.17,0.0,0.0,1923.0,1667.0,0.0,0.815,0.83,0.83,0.818,2
0.0,-26.57,0.0,-0.49,0.98,0.17,0.0,0.0,1799.0,1690.0,0.0,0.815,0.83,0.83,0.818,2
0.0,-26.57,0.0,-0.49,0.98,0.17,0.0,0.0,1757.0,1914.0,0.0,0.815,0.83,0.83,0.818,2
0.0,-26.57,0.0,-0.49,0.98,0.17,0.0,0.0,1863.0,1956.0,0.0,0.815,0.83,0.83,0.818,2
0.0,-26.57,0.0,-0.49,0.98,0.17,0.0,0.0,2076.0,1870.0,0.0,0.815,0.83,0.83,0.818,2
0.0,-26.57,0.0,-0.49,0.98,0.17,0.0,0.0,2095.0,1845.0,0.0,0.815,0.83,0.83,0.818,2
0.0,-26.57,0.0,-0.49,0.98,0.17,0.0,0.0,1971.0,1747.0,0.0,0.815,0.83,0.83,0.818,2
0.0,-26.57,0.0,-0.49,0.98,0.17,0.0,0.0,2139.0,1946.0,0.0,0.815,0.83,0.83,0.818,2
0.0,-26.57,0.0,-0.49,0.98,0.17,0.0,0.0,1954.0,2132.0,0.0,0.815,0.83,0.83,0.818,2
0.0,-26.57,0.0,-0.49,0.98,0.17,0.0,0.0,2081.0,2270.0,0.0,0.815,0.83,0.83,0.818,2
0.0,-26.57,0.0,-0.49,0.98,0.17,0.0,0.0,2114.0,2335.0,0.0,0.815,0.83,0.83,0.818,2
0.0,-26.57,0.0,-0.49,0.98,0.17,0.0,0.0,2112.0,2459.0,0.0,0.815,0.83,0.83,0.818,2
0.0,-26.57,0.0,-0.49,0.98,0.17,0.0,0.0,2156.0,2582.0,0.0,0.815,0.83,0.83,0.818,2
0.0,-26.57,0.0,-0.49,0.98,0.17,0.0,0.0,2029.0,2467.0,0.0,0.815,0.83,0.83,0.818,2
0.0,-26.57,0.0,-0.49,0.98,0.17,0.0,0.0,2052.0,2269.0,0.0,0.815,0.83,0.83,0.818,2
0.0,-26.57,0.0,-0.49,0.98,0.17,0.0,0.0,1959.0,2125.0,0.0,0.815,0.83,0.83,0.818,2
0.0,-26.57,0.0,-0.49,0.98,0.17,0.0,0.0,1944.0,2271.0,0.0,0.815,0.83,0.83,0.818,2
0.0,-26.57,0.0,-0.49,0.98,0.17,0.0,0.0,2157.0,2328.0,0.0,0.815,0.83,0.83,0.818,2
0.0,-26.57,0.0,-0.49,0.98,0.17,0.0,0.0,2240.0,2095.0,0.0,0.815,0.83,0.83,0.818,2
0.0,-26.57,0.0,-0.49,0.98,0.17,0.0,0.0,2304.0,1927.0,0.0,0.815,0.83,0.83,0.818,2
0.0,-26.57,0.0,-0.49,0.98,0.17,0.0,0.0,2229.0,1873.0,0.0,0.815,0.83,0.83,0.818,2
0.0,-26.57,0.0,-0.49,0.98,0.17,0.0,0.0,2127.0,1923.0,0.0,0.815,0.83,0.83,0.818,2
0.0,-26.57,0.0,-0.49,0.98,0.17,0.0,0.0,2102.0,1946.0,0.0,0.815,0.83,0.83,0.818,2
0.0,-26.57,0.0,-0.49,0.98,0.17,0.0,0.0,2175.0,2052.0,0.0,0.815,0.83,0.83,0.818,2
0.0,-26.57,0.0,-0.49,0.98,0.17,0.0,0.0,2269.0,2136.0,0.0,0.815,0.83,0.83,0.818,2
0.0,-26.57,0.0,-0.49,0.98,0.17,0.0,0.0,2131.0,2115.0,0.0,0.815,0.83,0.83,0.818,2
0.0,-26.57,0.0,-0.49,0.98,0.17,0.0,0.0,1932.0,2203.0,0.0,0.815,0.83,0.83,0.818,2
0.0,-26.57,0.0,-0.49,0.98,0.17,0.0,0.0,1984.0,2186.0,0.0,0.815,0.83,0.83,0.818,2
0.0,-26.57,0.0,-0.49,0.98,0.17,0.0,0.0,2036.0,2148.0,0.0,0.815,0.83,0.83,0.818,2
0.0,-26.57,0.0,-0.49,0.98,0.17,0.0,0.0,1996.0,2218.0,0.0,0.815,0.83,0.83,0.818,2
0.0,-26.57,0.0,-0.49,0.98,0.17,0.0,0.0,1861.0,2004.0,0.0,0.815,0.83,0.83,0.818,2
0.0,-26.57,0.0,-0.49,0.98,0.17,0.0,0.0,1985.0,2204.0,0.0,0.815,0.83,0.83,0.818,2
0.0,-26.57,0.0,-0.49,0.98,0.17,0.0,0.0,1942.0,2042.0,0.0,0.815,0.83,0.83,0.818,2
0.0,-26.57,0.0,-0.49,0.98,0.17,0.0,0.0,1799.0,2047.0,0.0,0.815,0.83,0.83,0.818,2
0.0,-26.57,0.0,-0.49,0.98,0.17,0.0,0.0,1941.0,2071.0,0.0,0.815,0.83,0.83,0.818,2
0.0,-26.57,0.0,-0.49,0.98,0.17,0.0,0.0,2139.0,2014.0,0.0,0.815,0.83,0.83,0.818,2
0.0,-26.57,0.0,-0.49,0.98,0.17,0.0,0.0,2137.0,2028.0,0.0,0.815,0.83,0.83,0.818,2
0.0,-26.57,0.0,-0.49,0.98,0.17,0.0,0.0,2181.0,2134.0,0.0,0.815,0.83,0.83,0.818,2
0.0,-26.57,0.0,-0.49,0.98,0.17,0.0,0.0,2016.0,2194.0,0.0,0.815,0.83,0.83,0.818,2
0.0,-26.57,0.0,-0.49,0.98,0.17,0.0,0.0,2107.0,2337.0,0.0,0.815,0.83,0.83,0.818,2
0.0,-26.57,0.0,-0.49,0.98,0.17,0.0,0.0,2213.0,2327.0,0.0,0.815,0.83,0.83,0.818,2
0.0,-26.57,0.0,-0.49,0.98,0.17,0.0,0.0,2118.0,2368.0,0.0,0.815,0.83,0.83,0.818,2
0.0,-26.57,0.0,-0.49,0.98,0.17,0.0,0.0,2031.0,2242.0,0.0,0.815,0.83,0.83,0.818,2
0.0,-26.57,0.0,-0.49,0.98,0.17,0.0,0.0,2212.0,2173.0,0.0,0.815,0.83,0.83,0.818,2
0.0,45.0,0.0,0.98,0.98,0.09,0.0,0.0,2329.0,2311.0,0.0,0.815,0.83,0.83,0.818,2
0.0,45.0,0.0,0.98,0.98,0.09,0.0,0.0,2353.0,2146.0,0.0,0.815,0.83,0.83,0.818,2
0.0,45.0,0.0,0.98,0.98,0.09,0.0,0.0,2391.0,2152.0,0.0,0.815,0.83,0.83,0.818,2
0.0,45.0,0.0,0.98,0.98,0.09,0.0,0.0,2528.0,2257.0,0.0,0.704,0.83,0.83,0.818,2
0.0,45.0,0.0,0.98,0.98,0.09,0.0,0.0,2620.0,2060.0,0.0,0.704,0.586,0.83,0.818,2
0.0,45.0,0.0,0.98,0.98,0.09,0.0,0.0,2730.0,2116.0,0.0,0.704,0.586,0.586,0.766,2
0.0,45.0,0.0,0.98,0.98,0.09,0.0,0.0,2475.0,2258.0,0.0,0.704,0.586,0.586,0.589,2
-75.97,45.0,-3.92,0.98,0.98,0.09,0.0,0.0,2483.0,2217.0,0.0,0.704,0.586,0.586,0.589,2
-126.87,-130.6,-3.92,-3.43,-2.94,0.09,0.0,0.0,2561.0,2333.0,0.0,0.704,0.586,0.586,0.589,2
-126.87,-130.6,-3.92,-3.43,-2.94,0.09,0.0,0.0,2605.0,2429.0,0.0,0.704,0.586,0.586,0.589,2
-126.87,-130.6,-3.92,-3.43,-2.94,0.09,0.0,0.0,2648.0,2465.0,0.0,0.704,0.586,0.586,0.589,2
-126.87,-130.6,-3.92,-3.43,-2.94,0.09,0.0,0.0,2718.0,2314.0,0.0,0.704,0.586,0.586,0.589,2
-126.87,-130.6,-3.92,-3.43,-2.94,0.09,0.0,0.0,2751.0,2275.0,0.0,0.704,0.586,0.586,0.589,2
-126.87,-130.6,-3.92,-3.43,-2.94,0.09,0.0,0.0,2491.0,2122.0,0.0,0.704,0.586,0.586,0.589,2
-126.87,-130.6,-3.92,-3.43,-2.94,0.09,0.0,0.0,2649.0,2294.0,0.0,0.704,0.586,0.586,0.589,2
-126.87,-130.6,-3.92,-3.43,-2.94,0.09,0.0,0.0,2431.0,2178.0,0.0,0.704,0.586,0.586,0.589,2
-126.87,-130.6,-3.92,-3.43,-2.94,0.09,0.0,0.0,2259.0,2256.0,0.0,0.704,0.586,0.586,0.589,2
-126.87,-130.6,-3.92,-3.43,-2.94,0.09,0.0,0.0,2150.0,2180.0,0.0,0.704,0.586,0.586,0.589,2
-126.87,-130.6,-3.92,-3.43,-2.94,0.09,0.0,0.0,2091.0,2012.0,0.0,0.704,0.586,0.586,0.589,2
-126.87,-130.6,-3.92,-3.43,-2.94,0.09,0.0,0.0,1913.0,2100.0,0.0,0.704,0.586,0.586,0.589,2
-126.87,-130.6,-3.92,-3.43,-2.94,0.09,0.0,0.0,1760.0,2191.0,0.0,0.704,0.586,0.586,0.589,2
-126.87,-130.6,-3.92,-3.43,-2.94,0.09,0.0,0.0,1643.0,2048.0,0.0,0.704,0.586,0.586,0.589,2
-126.87,-130.6,-3.92,-3.43,-2.94,0.09,0.0,0.0,1838.0,1981.0,0.0,0.704,0.586,0.586,0.589,2
-126.87,-130.6,-3.92,-3.43,-2.94,0.09,0.0,0.0,1966.0,1882.0,0.0,0.704,0.586,0.586,0.589,2
-126.87,-130.6,-3.92,-3.43,-2.94,0.09,0.0,0.0,1838.0,2066.0,0.0,0.704,0.586,0.586,0.589,2
-126.87,-130.6,-3.92,-3.43,-2.94,0.09,0.0,0.0,2055.0,1998.0,0.0,0.704,0.586,0.586,0.589,2
-126.87,-130.6,-3.92,-3.43,-2.94,0.09,0.0,0.0,1915.0,1807.0,0.0,0.704,0.586,0.586,0.589,2
-126.87,-130.6,-3.92,-3.43,-2.94,0.09,0.0,0.0,2022.0,1972.0,0.0,0.704,0.586,0.586,0.589,2
-126.87,-130.6,-3.92,-3.43,-2.94,0.09,0.0,0.0,2198.0,2096.0,0.0,0.704,0.586,0.586,0.589,2
-126.87,-130.6,-3.92,-3.43,-2.94,0.09,0.0,0.0,2072.0,1943.0,0.0,0.704,0.586,0.586,0.589,2
-126.87,-130.6,-3.92,-3.43,-2.94,0.09,0.0,0.0,2047.0,1789.0,0.0,0.704,0.586,0.586,0.589,2
-126.87,-130.6,-3.92,-3.43,-2.94,0.09,0.0,0.0,2201.0,1829.0,0.0,0.704,0.586,0.586,0.589,2
-126.87,-130.6,-3.92,-3.43,-2.94,0.09,0.0,0.0,2075.0,1854.0,0.0,0.704,0.586,0.586,0.589,2
-126.87,-130.6,-3.92,-3.43,-2.94,0.09,0.0,0.0,2110.0,2004.0,0.0,0.704,0.586,0.586,0.589,2
-126.87,-130.6,-3.92,-3.43,-2.94,0.09,0.0,0.0,1937.0,2090.0,0.0,0.704,0.586,0.586,0.589,2
-126.87,-130.6,-3.92,-3.43,-2.94,0.09,0.0,0.0,1883.0,2166.0,0.0,0.704,0.586,0.586,0.589,2
-126.87,-130.6,-3.92,-3.43,-2.94,0.09,0.0,0.0,2078.0,2204.0,0.0,0.704,0.586,0.586,0.589,2
-126.87,-130.6,-3.92,-3.43,-2.94,0.09,0.0,0.0,1998.0,2292.0,0.0,0.704,0.586,0.586,0.589,2
-126.87,-130.6,-3.92,-3.43,-2.94,0.09,0.0,0.0,1863.0,2441.0,0.0,0.704,0.586,0.586,0.589,2
-126.87,-130.6,-3.92,-3.43,-2.94,0.09,0.0,0.0,1836.0,2232.0,0.0,0.704,0.586,0.586,0.589,2
-126.87,-130.6,-3.92,-3.43,-2.94,0.09,0.0,0.0,2014.0,2343.0,0.0,0.704,0.586,0.586,0.589,2
-126.87,-130.6,-3.92,-3.43,-2.94,0.09,0.0,0.0,2157.0,2330.0,0.0,0.704,0.586,0.586,0.589,2
-126.87,-130.6,-3.92,-3.43,-2.94,0.09,0.0,0.0,2241.0,2480.0,0.0,0.704,0.586,0.586,0.589,2
-126.87,-130.6,-3.92,-3.43,-2.94,0.09,0.0,0.0,2186.0,2284.0,0.0,0.704,0.586,0.586,0.589,2
-126.87,-130.6,-3.92,-3.43,-2.94,0.09,0.0,0.0,1991.0,2403.0,0.0,0.704,0.586,0.586,0.589,2
-126.87,-130.6,-3.92,-3.43,-2.94,0.09,0.0,0.0,2126.0,2419.0,0.0,0.704,0.586,0.586,0.589,2
-126.87,-130.6,-3.92,-3.43,-2.94,0.09,0.0,0.0,2159.0,2250.0,0.0,0.704,0.586,0.586,0.589,2
-126.87,-130.6,-3.92,-3.43,-2.94,0.09,0.0,0.0,2091.0,2053.0,0.0,0.704,0.586,0.586,0.589,2
-126.87,-130.6,-3.92,-3.43,-2.94,0.09,0.0,0.0,2045.0,2223.0,0.0,0.704,0.586,0.586,0.589,2
-126.87,-130.6,-3.92,-3.43,-2.94,0.09,0.0,0.0,1952.0,2355.0,0.0,0.704,0.586,0.586,0.589,2
-126.87,-130.6,-3.92,-3.43,-2.94,0.09,0.0,0.0,1777.0,2218.0,0.0,0.704,0.586,0.586,0.589,2
-126.87,-130.6,-3.92,-3.43,-2.94,0.09,0.0,0.0,1847.0,2377.0,0.0,0.704,0.586,0.586,0.589,2
-126.87,-130.6,-3.92,-3.43,-2.94,0.09,0.0,0.0,2043.0,2378.0,0.0,0.704,0.586,0.586,0.589,2
-126.87,-130.6,-3.92,-3.43,-2.94,0.09,0.0,0.0,1855.0,2401.0,0.0,0.704,0.586,0.586,0.589,2
-126.87,-130.6,-3.92,-3.43,-2.94,0.09,0.0,0.0,2056.0,2203.0,0.0,0.704,0.586,0.586,0.589,2
-126.87,-130.6,-3.92,-3.43,-2.94,0.09,0.0,0.0,2020.0,2067.0,0.0,0.704,0.586,0.586,0.589,2
-126.87,-130.6,-3.92,-3.43,-2.94,0.09,0.0,0.0,2107.0,2023.0,0.0,0.704,0.586,0.586,0.589,2
-126.87,-130.6,-3.92,-3.43,-2.94,0.09,0.0,0.0,2006.0,1998.0,0.0,0.704,0.586,0.586,0.589,2
-126.87,-130.6,-3.92,-3.43,-2.94,0.09,0.0,0.0,2089.0,2067.0,0.0,0.704,0.586,0.586,0.589,2
-126.87,-130.6,-3.92,-3.43,-2.94,0.09,0.0,0.0,2083.0,2095.0,0.0,0.704,0.586,0.586,0.589,2
-126.87,-130.6,-3.92,-3.43,-2.94,0.09,0.0,0.0,1939.0,2245.0,0.0,0.704,0.586,0.586,0.589,2
-126.87,-130.6,-3.92,-3.43,-2.94,0.09,0.0,0.0,2016.0,2206.0,0.0,0.704,0.586,0.586,0.589,2
-126.87,-130.6,-3.92,-3.43,-2.94,0.09,0.0,0.0,2156.0,2226.0,0.0,0.704,0.586,0.586,0.589,2
-126.87,-130.6,-3.92,-3.43,-2.94,0.09,0.0,0.0,1959.0,2342.0,0.0,0.704,0.586,0.586,0.589,2
-126.87,-130.6,-3.92,-3.43,-2.94,0.09,0.0,0.0,1909.0,2254.0,0.0,0.704,0.586,0.586,0.589,2
-126.87,-130.6,-3.92,-3.43,-2.94,0.09,0.0,0.0,2012.0,2063.0,0.0,0.704,0.586,0.586,0.589,2
-126.87,-130.6,-3.92,-3.43,-2.94,0.09,0.0,0.0,1888.0,1965.0,0.0,0.704,0.586,0.586,0.589,2
-126.87,-130.6,-3.92,-3.43,-2.94,0.09,0.0,0.0,2013.0,1775.0,0.0,0.704,0.586,0.586,0.589,2
-126.87,-130.6,-3.92,-3.43,-2.94,0.09,0.0,0.0,1931.0,1976.0,0.0,0.704,0.586,0.586,0.589,2
-126.87,-130.6,-3.92,-3.43,-2.94,0.09,0.0,0.0,2019.0,2109.0,0.0,0.704,0.586,0.586,0.589,2
-126.87,-130.6,-3.92,-3.43,-2.94,0.09,0.0,0.0,1894.0,2261.0,0.0,0.818,0.815,0.845,0.893,2
-126.87,-130.6,-3.92,-3.43,-2.94,0.09,0.0,0.0,2051.0,2185.0,0.0,0.818,0.815,0.845,0.818,2
123.69,-130.6,4.41,-3.43,-2.94,0.09,0.0,0.0,1902.0,2357.0,0.0,0.818,0.815,0.845,0.818,2
161.57,135.0,0.98,2.94,-2.94,0.09,0.0,0.0,1969.0,2149.0,0.0,0.818,0.815,0.845,0.818,2
26.57,26.57,0.98,0.98,1.96,0.09,0.0,0.0,2030.0,2250.0,0.0,0.818,0.815,0.845,0.818,2
63.43,63.43,0.98,0.98,0.49,0.09,0.0,0.0,1902.0,2134.0,0.0,0.818,0.815,0.845,0.818,2
63.43,63.43,0.98,0.98,0.49,0.09,0.0,0.0,1993.0,1936.0,0.0,0.818,0.815,0.845,0.818,2
63.43,63.43,0.98,0.98,0.49,0.09,0.0,0.0,1987.0,2074.0,0.0,0.818,0.815,0.845,0.818,2
63.43,63.43,0.98,0.98,0.49,0.09,0.0,0.0,2045.0,2111.0,0.0,0.818,0.815,0.845,0.818,2
63.43,63.43,0.98,0.98,0.49,0.09,0.0,0.0,2203.0,2206.0,0.0,0.818,0.815,0.845,0.818,2
63.43,63.43,0.98,0.98,0.49,0.09,0.0,0.0,2233.0,2136.0,0.0,0.818,0.815,0.845,0.818,2
63.43,63.43,0.98,0.98,0.49,0.17,0.09,0.0,2058.0,2078.0,0.0,0.818,0.815,0.845,0.818,2
63.43,63.43,0.98,0.98,0.49,0.17,0.09,0.26,1964.0,2119.0,0.0,0.818,0.815,0.845,0.818,2
63.43,63.43,0.98,0.98,0.49,0.17,0.09,0.26,1865.0,1910.0,0.0,0.818,0.815,0.845,0.818,2
63.43,63.43,0.98,0.98,0.49,0.17,0.09,0.26,1973.0,1750.0,0.0,0.818,0.815,0.845,0.818,2
81.87,63.43,3.43,0.98,0.49,0.17,0.09,0.26,1882.0,1785.0,0.0,0.818,0.815,0.845,0.818,2
81.87,63.43,3.43,0.98,0.49,0.17,0.09,0.26,1963.0,1981.0,0.0,0.818,0.815,0.845,0.818,2
45.0,55.01,3.43,4.9,3.43,0.17,0.09,0.26,1849.0,2128.0,0.0,0.818,0.815,0.845,0.818,2
45.0,55.01,3.43,4.9,3.43,0.17,0.09,0.26,2048.0,1925.0,0.0,0.818,0.815,0.845,0.818,2
45.0,55.01,3.43,4.9,3.43,0.17,0.09,0.26,1975.0,1974.0,0.0,0.818,0.815,0.845,0.818,2
23.19,55.01,1.47,4.9,3.43,0.17,0.09,0.26,2045.0,2046.0,0.0,0.818,0.815,0.845,0.818,2
8.13,52.12,0.49,4.41,3.43,0.17,0.09,0.26,1947.0,1979.0,0.0,0.818,0.815,0.845,0.818,2
8.13,-8.13,0.49,-0.49,3.43,0.17,0.09,0.26,1887.0,2106.0,0.0,0.818,0.815,0.845,0.818,0
8.13,0.0,0.49,0.0,3.43,0.17,0.09,0.26,2078.0,2185.0,0.0,0.818,0.815,0.845,0.818,0
45.0,0.0,0.49,0.0,0.49,0.17,0.09,0.26,1992.0,2084.0,0.0,0.818,0.815,0.845,0.818,2
45.0,0.0,0.49,0.0,0.49,0.17,0.09,0.26,2048.0,2186.0,0.0,0.818,0.815,0.845,0.818,2
45.0,0.0,0.49,0.0,0.49,0.17,0.09,0.26,2115.0,1982.0,0.0,0.818,0.815,0.845,0.818,2
45.0,0.0,0.49,0.0,0.49,0.17,0.09,0.26,2290.0,2083.0,0.0,0.818,0.815,0.845,0.818,2
45.0,0.0,0.49,0.0,0.49,0.17,0.09,0.26,2418.0,1913.0,0.0,0.818,0.815,0.845,0.818,2
45.0,0.0,0.49,0.0,0.49,0.17,0.09,0.26,2491.0,2024.0,0.0,0.818,0.815,0.845,0.818,2
45.0,0.0,0.49,0.0,0.49,-0.26,0.09,0.26,2552.0,2169.0,0.0,0.818,0.815,0.845,0.818,2
45.0,0.0,0.49,0.0,0.49,-0.26,-0.35,-0.26,2690.0,1986.0,0.0,0.818,0.815,0.845,0.818,2
45.0,0.0,0.49,0.0,0.49,-0.26,-0.35,-0.26,2720.0,2056.0,0.0,0.818,0.815,0.845,0.818,2
45.0,0.0,0.49,0.0,0.49,-0.26,-0.35,-0.26,2829.0,1918.0,0.0,1.0,0.815,0.845,0.818,2
45.0,0.0,0.49,0.0,0.49,-0.26,-0.35,-0.26,2638.0,2088.0,0.0,0.959,0.815,0.845,0.818,2
45.0,0.0,0.49,0.0,0.49,-0.26,-0.35,-0.26,2605.0,2097.0,0.0,0.715,0.815,0.845,0.818,2
45.0,0.0,0.49,0.0,0.49,-0.26,-0.35,-0.26,2720.0,2234.0,0.0,0.715,0.696,0.845,0.818,2
45.0,0.0,0.49,0.0,0.49,-0.26,-0.35,-0.26,2691.0,2392.0,0.0,0.715,0.696,0.6,0.648,2
45.0,0.0,0.49,0.0,0.49,-0.26,-0.35,-0.26,2455.0,2417.0,0.0,0.715,0.696,0.6,0.648,2
45.0,0.0,0.49,0.0,0.49,-0.26,-0.35,-0.26,2517.0,2526.0,0.0,0.715,0.696,0.6,0.648,2
45.0,0.0,0.49,0.0,0.49,-0.26,-0.35,-0.26,2295.0,2327.0,0.0,0.715,0.696,0.6,0.648,2
45.0,0.0,0.49,0.0,0.49,-0.26,-0.35,-0.26,2196.0,2487.0,0.0,0.715,0.696,0.6,0.648,2
45.0,0.0,0.49,0.0,0.49,-0.26,-0.35,-0.26,2051.0,2446.0,0.0,0.715,0.696,0.6,0.648,2
45.0,0.0,0.49,0.0,0.49,-0.26,-0.35,-0.26,2109.0,2348.0,0.0,0.715,0.696,0.6,0.648,2
45.0,0.0,0.49,0.0,0.49,-0.26,-0.35,-0.26,2076.0,2412.0,0.0,0.715,0.696,0.6,0.648,2
45.0,0.0,0.49,0.0,0.49,-0.26,-0.35,-0.26,1947.0,2252.0,0.0,0.715,0.696,0.6,0.648,2
45.0,0.0,0.49,0.0,0.49,-0.26,-0.35,-0.26,1933.0,2186.0,0.0,0.715,0.696,0.6,0.648,2
45.0,0.0,0.49,0.0,0.49,-0.26,-0.35,-0.26,1960.0,2213.0,0.0,0.715,0.696,0.6,0.648,2
45.0,0.0,0.49,0.0,0.49,-0.26,-0.35,-0.26,1983.0,2383.0,0.0,0.715,0.696,0.6,0.648,2
45.0,0.0,0.49,0.0,0.49,-0.26,-0.35,-0.26,1883.0,2182.0,0.0,0.715,0.696,0.6,0.648,2
45.0,0.0,0.49,0.0,0.49,-0.26,-0.35,-0.26,2030.0,2267.0,0.0,0.715,0.696,0.6,0.648,2
45.0,0.0,0.49,0.0,0.49,-0.26,-0.35,-0.26,1842.0,2357.0,0.0,0.715,0.696,0.6,0.648,2
45.0,0.0,0.49,0.0,0.49,-0.26,-0.35,-0.26,1683.0,2252.0,0.0,0.715,0.696,0.6,0.648,2
45.0,0.0,0.49,0.0,0.49,-0.26,-0.35,-0.26,1677.0,2059.0,0.0,0.715,0.696,0.6,0.648,2
45.0,0.0,0.49,0.0,0.49,-0.26,-0.35,-0.26,1616.0,1991.0,0.0,0.715,0.696,0.6,0.648,2
45.0,0.0,0.49,0.0,0.49,-0.26,-0.35,-0.26,1694.0,2098.0,0.0,0.715,0.696,0.6,0.648,2
45.0,0.0,0.49,0.0,0.49,-0.26,-0.35,-0.26,1715.0,1902.0,0.0,0.715,0.696,0.6,0.648,2
45.0,0.0,0.49,0.0,0.49,-0.26,-0.35,-0.26,1669.0,1722.0,0.0,0.715,0.696,0.6,0.648,2
45.0,0.0,0.49,0.0,0.49,-0.26,-0.35,-0.26,1667.0,1587.0,0.0,0.715,0.696,0.6,0.648,2
45.0,0.0,0.49,0.0,0.49,-0.26,-0.35,-0.26,1737.0,1532.0,0.0,0.715,0.696,0.6,0.648,2
45.0,0.0,0.49,0.0,0.49,-0.26,-0.35,-0.26,1877.0,1766.0,0.0,0.715,0.696,0.6,0.648,2
45.0,0.0,0.49,0.0,0.49,-0.26,-0.35,-0.26,1900.0,1705.0,0.0,0.715,0.696,0.6,0.648,2
45.0,0.0,0.49,0.0,0.49,-0.26,-0.35,-0.26,1973.0,1808.0,0.0,0.715,0.696,0.6,0.648,2
45.0,0.0,0.49,0.0,0.49,-0.26,-0.35,-0.26,2100.0,1804.0,0.0,0.715,0.626,0.6,0.648,2
45.0,0.0,0.49,0.0,0.49,-0.26,-0.35,-0.26,1936.0,1739.0,0.0,0.715,0.83,0.6,0.648,2
45.0,0.0,0.49,0.0,0.49,-0.26,-0.35,-0.26,2062.0,1847.0,0.0,0.715,0.611,0.6,0.648,2
45.0,0.0,0.49,0.0,0.49,-0.26,-0.35,-0.26,1872.0,1750.0,0.0,0.715,0.611,0.6,0.648,2
45.0,0.0,0.49,0.0,0.49,-0.26,-0.35,-0.26,1742.0,1845.0,0.0,0.715,0.611,0.6,0.648,2
45.0,0.0,0.49,0.0,0.49,-0.26,-0.35,-0.26,1894.0,1799.0,0.0,0.715,0.611,0.6,0.648,2
45.0,0.0,0.49,0.0,0.49,-0.26,-0.35,-0.26,1964.0,1887.0,0.0,0.715,0.611,0.6,0.648,2
45.0,0.0,0.49,0.0,0.49,-0.26,-0.35,-0.26,2112.0,1726.0,0.0,0.715,0.611,0.6,0.726,2
45.0,0.0,0.49,0.0,0.49,-0.26,-0.35,-0.26,2102.0,1584.0,0.0,0.715,0.611,0.6,0.726,2
45.0,0.0,0.49,0.0,0.49,-0.26,-0.35,-0.26,2025.0,1518.0,0.0,0.715,0.611,0.6,0.726,2
45.0,0.0,0.49,0.0,0.49,-0.26,-0.35,-0.26,1886.0,1505.0,0.0,0.715,0.689,0.7,0.726,2
45.0,0.0,0.49,0.0,0.49,-0.26,-0.35,-0.26,2032.0,1636.0,0.0,0.715,0.689,0.7,0.726,2
45.0,0.0,0.49,0.0,0.49,-0.26,-0.35,-0.26,2158.0,1783.0,0.0,0.715,0.689,0.7,0.726,2
45.0,0.0,0.49,0.0,0.49,-0.26,-0.35,-0.26,2337.0,1858.0,0.0,0.715,0.689,0.7,0.726,2
45.0,0.0,0.49,0.0,0.49,-0.26,-0.35,-0.26,2375.0,1688.0,0.0,0.715,0.689,0.7,0.726,2
45.0,0.0,0.49,0.0,0.49,-0.26,-0.35,-0.26,2376.0,1852.0,0.0,0.715,0.689,0.7,0.726,2
45.0,0.0,0.49,0.0,0.49,-0.26,-0.35,-0.26,2309.0,1979.0,0.0,0.715,0.689,0.7,0.726,2
45.0,0.0,0.49,0.0,0.49,-0.26,-0.35,-0.26,2367.0,2105.0,0.0,0.715,0.689,0.7,0.726,2
45.0,0.0,0.49,0.0,0.49,-0.26,-0.35,-0.26,2435.0,2140.0,0.0,0.715,0.689,0.7,0.726,2
45.0,0.0,0.49,0.0,0.49,-0.26,-0.35,-0.26,2256.0,1931.0,0.0,0.715,0.689,0.7,0.726,2
45.0,0.0,0.49,0.0,0.49,-0.26,-0.35,-0.26,2155.0,1840.0,0.0,0.715,0.689,0.7,0.726,2
45.0,0.0,0.49,0.0,0.49,-0.26,-0.35,-0.26,2147.0,1990.0,0.0,0.715,0.689,0.7,0.726,2
45.0,0.0,0.49,0.0,0.49,-0.26,-0.35,-0.26,2053.0,1841.0,0.0,0.715,0.689,0.7,0.726,2
45.0,0.0,0.49,0.0,0.49,-0.26,-0.35,-0.26,1876.0,1899.0,0.0,0.715,0.689,0.7,0.726,2
45.0,0.0,0.49,0.0,0.49,-0.26,-0.35,-0.26,1888.0,1725.0,0.0,0.715,0.689,0.7,0.726,2
45.0,0.0,0.49,0.0,0.49,-0.26,-0.35,-0.26,2067.0,1781.0,0.0,0.715,0.689,0.7,0.726,2
45.0,0.0,0.49,0.0,0.49,-0.26,-0.35,-0.26,2177.0,1821.0,0.0,0.715,0.689,0.7,0.726,2
45.0,0.0,0.49,0.0,0.49,-0.26,-0.35,-0.26,2043.0,1983.0,0.0,0.715,0.689,0.7,0.726,2
45.0,0.0,0.49,0.0,0.49,-0.26,-0.35,-0.26,2005.0,2015.0,0.0,0.715,0.689,0.7,0.726,2
45.0,0.0,0.49,0.0,0.49,-0.26,-0.35,-0.26,2064.0,2075.0,0.0,0.715,0.689,0.7,0.726,2
45.0,0.0,0.49,0.0,0.49,-0.26,-0.35,-0.26,2177.0,1886.0,0.0,0.715,0.689,0.7,0.726,2
45.0,0.0,0.49,0.0,0.49,-0.26,-0.35,-0.26,2268.0,2079.0,0.0,0.715,0.689,0.7,0.726,2
45.0,0.0,0.49,0.0,0.49,-0.26,-0.35,-0.26,2214.0,2125.0,0.0,0.715,0.689,0.7,0.726,2
45.0,0.0,0.49,0.0,0.49,-0.26,-0.35,-0.26,2371.0,2040.0,0.0,0.715,0.689,0.7,0.726,2
45.0,0.0,0.49,0.0,0.49,-0.26,-0.35,-0.26,2319.0,2148.0,0.0,0.715,0.689,0.7,0.726,2
45.0,0.0,0.49,0.0,0.49,-0.26,-0.35,-0.26,2163.0,2126.0,0.0,0.715,0.689,0.7,0.726,2
45.0,0.0,0.49,0.0,0.49,-0.26,-0.35,-0.26,2228.0,2048.0,0.0,0.715,0.689,0.7,0.726,2
45.0,0.0,0.49,0.0,0.49,-0.26,-0.35,-0.26,2104.0,1849.0,0.0,0.715,0.689,0.7,0.726,2
